{"dims": 300, "count": 38299, "model": "word2vec-google-news-300", "layout": "umap-3d", "umapNeighbors": 8, "umapMinDist": 0.0, "cloudRadius": 100.0, "coordScales": [2.801503796945326e-05, 3.17106387228705e-05, 2.8611102607101202e-05, 4.577776417136192e-05, 4.1962950490415096e-05, 3.147221286781132e-05, 3.7671285099349916e-05, 3.028008359251544e-05, 3.647915582405403e-05, 3.1949064577929676e-05, 2.813425089698285e-05, 2.9326380172278732e-05, 2.598841820145026e-05, 2.801503796945326e-05, 2.8253463824512437e-05, 3.028008359251544e-05, 3.028008359251544e-05, 2.8253463824512437e-05, 2.6107631128979847e-05, 3.314119385322556e-05, 3.218749043298885e-05, 3.3379619708284736e-05, 3.075693530263379e-05, 2.9087954317219555e-05, 3.242591628804803e-05, 3.361804556334391e-05, 3.0518509447574615e-05, 3.028008359251544e-05, 3.147221286781132e-05, 3.290276799816638e-05, 2.8968741389689967e-05, 3.0041657737456262e-05, 2.8372676752042025e-05, 2.956480602733791e-05, 2.6942121621686965e-05, 3.3379619708284736e-05, 3.242591628804803e-05, 3.457174898358062e-05, 2.8611102607101202e-05, 3.147221286781132e-05, 2.670369576662779e-05, 2.729976040427573e-05, 3.0518509447574615e-05, 3.016087066498585e-05, 3.6956007534172386e-05, 3.9817117794882506e-05, 3.1949064577929676e-05, 4.077082121511921e-05, 2.8968741389689967e-05, 3.314119385322556e-05, 3.3379619708284736e-05, 5.555322422878817e-05, 2.9326380172278732e-05, 2.7180547476746142e-05, 2.8372676752042025e-05, 4.60161900264211e-05, 3.075693530263379e-05, 3.147221286781132e-05, 2.4677075998624787e-05, 2.873031553463079e-05, 2.6942121621686965e-05, 2.741897333180532e-05, 3.1949064577929676e-05, 3.1949064577929676e-05, 2.7895825041923672e-05, 2.6107631128979847e-05, 2.944559309980832e-05, 2.6226844056509435e-05, 2.9922444809926674e-05, 3.719443338923156e-05, 3.099536115769297e-05, 2.729976040427573e-05, 2.8968741389689967e-05, 2.9207167244749144e-05, 3.385647141840309e-05, 3.147221286781132e-05, 3.075693530263379e-05, 2.9803231882397085e-05, 2.8253463824512437e-05, 3.457174898358062e-05, 2.801503796945326e-05, 2.741897333180532e-05, 2.670369576662779e-05, 2.65844828390982e-05, 3.6240729968994856e-05, 3.504860069369897e-05, 3.814813680946827e-05, 3.4810174838639796e-05, 3.099536115769297e-05, 3.242591628804803e-05, 3.075693530263379e-05, 2.6107631128979847e-05, 3.314119385322556e-05, 3.361804556334391e-05, 3.528702654875815e-05, 3.4094897273462266e-05, 2.6822908694157377e-05, 3.4810174838639796e-05, 2.9922444809926674e-05, 3.218749043298885e-05, 3.1949064577929676e-05, 3.016087066498585e-05, 3.528702654875815e-05, 4.60161900264211e-05, 3.075693530263379e-05, 2.9326380172278732e-05, 2.9326380172278732e-05, 3.1233787012752146e-05, 2.7538186259334907e-05, 2.9684018954867497e-05, 2.8491889679571614e-05, 3.7671285099349916e-05, 2.670369576662779e-05, 2.7657399186864495e-05, 3.814813680946827e-05, 2.7895825041923672e-05, 3.075693530263379e-05, 3.242591628804803e-05, 2.813425089698285e-05, 2.8968741389689967e-05, 3.385647141840309e-05, 2.9922444809926674e-05, 2.7538186259334907e-05, 4.1247672925237566e-05, 3.361804556334391e-05, 2.873031553463079e-05, 3.600230411393568e-05, 3.6956007534172386e-05, 2.9207167244749144e-05, 2.8611102607101202e-05, 3.528702654875815e-05, 2.8491889679571614e-05, 3.6956007534172386e-05, 2.515392770874314e-05, 3.4810174838639796e-05, 2.884952846216038e-05, 2.8611102607101202e-05, 3.016087066498585e-05, 4.577776417136192e-05, 4.29166539106518e-05, 2.873031553463079e-05, 3.147221286781132e-05, 2.9326380172278732e-05, 3.314119385322556e-05, 4.1962950490415096e-05, 3.314119385322556e-05, 3.361804556334391e-05, 3.5525452403817326e-05, 3.1949064577929676e-05, 3.5525452403817326e-05, 3.504860069369897e-05, 3.504860069369897e-05, 3.3379619708284736e-05, 3.028008359251544e-05, 3.7671285099349916e-05, 3.147221286781132e-05, 2.9087954317219555e-05, 2.586920527392067e-05, 3.147221286781132e-05, 2.7180547476746142e-05, 3.075693530263379e-05, 3.028008359251544e-05, 3.5525452403817326e-05, 2.9684018954867497e-05, 3.242591628804803e-05, 3.314119385322556e-05, 3.9101840229704976e-05, 3.17106387228705e-05, 3.147221286781132e-05, 2.5749992346391082e-05, 3.9101840229704976e-05, 2.884952846216038e-05, 2.8253463824512437e-05, 3.290276799816638e-05, 3.1949064577929676e-05, 3.242591628804803e-05, 2.801503796945326e-05, 2.944559309980832e-05, 3.0518509447574615e-05, 3.290276799816638e-05, 3.3379619708284736e-05, 2.527314063627273e-05, 2.741897333180532e-05, 3.17106387228705e-05, 2.7776612114394084e-05, 2.8611102607101202e-05, 2.7895825041923672e-05, 2.6942121621686965e-05, 2.7895825041923672e-05, 3.17106387228705e-05, 3.099536115769297e-05, 3.147221286781132e-05, 2.9684018954867497e-05, 2.7538186259334907e-05, 2.8253463824512437e-05, 3.290276799816638e-05, 2.9087954317219555e-05, 3.385647141840309e-05, 2.8968741389689967e-05, 3.57638782588765e-05, 3.0041657737456262e-05, 3.0518509447574615e-05, 2.9326380172278732e-05, 2.8611102607101202e-05, 2.7061334549216554e-05, 3.2664342143107206e-05, 2.729976040427573e-05, 3.314119385322556e-05, 2.7895825041923672e-05, 3.290276799816638e-05, 3.0399296520045027e-05, 3.17106387228705e-05, 2.598841820145026e-05, 2.8968741389689967e-05, 2.9207167244749144e-05, 3.075693530263379e-05, 3.2664342143107206e-05, 2.7538186259334907e-05, 2.801503796945326e-05, 3.4094897273462266e-05, 2.5511566491331905e-05, 3.242591628804803e-05, 3.1949064577929676e-05, 3.242591628804803e-05, 2.65844828390982e-05, 4.077082121511921e-05, 2.7776612114394084e-05, 2.9326380172278732e-05, 2.7657399186864495e-05, 3.218749043298885e-05, 2.65844828390982e-05, 4.077082121511921e-05, 3.504860069369897e-05, 2.65844828390982e-05, 3.385647141840309e-05, 2.944559309980832e-05, 2.873031553463079e-05, 3.457174898358062e-05, 2.6465269911568612e-05, 2.65844828390982e-05, 3.6240729968994856e-05, 2.9803231882397085e-05, 2.9803231882397085e-05, 3.934026608476415e-05, 2.670369576662779e-05, 2.8253463824512437e-05, 3.075693530263379e-05, 2.9207167244749144e-05, 2.4796288926154375e-05, 2.729976040427573e-05, 2.9207167244749144e-05, 2.7895825041923672e-05, 2.5630779418861493e-05, 2.9326380172278732e-05, 3.433332312852144e-05, 3.528702654875815e-05, 3.314119385322556e-05, 2.873031553463079e-05, 3.457174898358062e-05, 3.528702654875815e-05, 2.515392770874314e-05, 3.7671285099349916e-05, 3.0518509447574615e-05, 3.0041657737456262e-05, 2.8372676752042025e-05, 3.0041657737456262e-05, 2.598841820145026e-05, 3.3379619708284736e-05, 3.57638782588765e-05, 2.741897333180532e-05, 3.600230411393568e-05, 3.671758167911321e-05, 2.7895825041923672e-05, 3.7671285099349916e-05, 2.5511566491331905e-05, 2.944559309980832e-05, 2.9684018954867497e-05, 2.5511566491331905e-05, 2.5630779418861493e-05, 3.075693530263379e-05, 2.65844828390982e-05, 2.4677075998624787e-05, 3.075693530263379e-05, 2.4677075998624787e-05, 2.6822908694157377e-05, 3.6240729968994856e-05, 3.218749043298885e-05, 3.17106387228705e-05, 2.884952846216038e-05, 3.1233787012752146e-05, 3.099536115769297e-05, 2.7776612114394084e-05, 3.0399296520045027e-05, 2.6226844056509435e-05, 3.1233787012752146e-05, 3.2664342143107206e-05, 2.7895825041923672e-05, 3.016087066498585e-05, 2.8968741389689967e-05, 3.719443338923156e-05], "recall10_3d": 0.27479999999999977}