{"dims": 1536, "pcaDims": 50, "count": 100000, "model": "text-embedding-3-small", "layout": "umap-3d", "cloudRadius": 100.0, "coordScales": [1.1382432603568304e-05, 1.2450935173546895e-05, 1.1270884897385258e-05, 1.4035026651981752e-05, 1.2290820450289175e-05, 1.137962954089744e-05, 1.2429379239620175e-05, 1.1413878382882103e-05, 1.1024938430637121e-05, 1.3613634109788109e-05, 1.0588323675619904e-05, 1.0825563549587969e-05, 1.3626364307128824e-05, 1.1264183740422595e-05, 1.1357163202774245e-05, 1.0198094059887808e-05, 1.1122870091639925e-05, 1.0619561180646997e-05, 1.0434489922772627e-05, 1.1769193406507839e-05, 9.901319572236389e-06, 9.942914402927272e-06, 9.653975212131627e-06, 1.0283760275342502e-05, 1.0538455171626993e-05, 1.0906444003921933e-05, 1.0336610102967825e-05, 1.089320176106412e-05, 1.0818767805176321e-05, 9.256124030798674e-06, 9.724948540679179e-06, 9.736459105624817e-06, 9.577802302374039e-06, 9.55857103690505e-06, 8.947905371314846e-06, 9.97085589915514e-06, 9.256555131287314e-06, 8.522116331732832e-06, 8.683171472512186e-06, 1.0123442734766286e-05, 8.907642040867358e-06, 8.559351044823416e-06, 8.159996468748432e-06, 8.383137355849613e-06, 8.650368727103341e-06, 8.659671948407777e-06, 9.064086953003425e-06, 8.524940312781837e-06, 7.978580470080487e-06, 8.239489034167491e-06], "explainedVariance3d": 0.046978181873049064, "explainedVariance50d": 0.3728247404488403}