{"dims": 1536, "pcaDims": 192, "count": 100000, "model": "text-embedding-3-small", "layout": "umap-3d", "cloudRadius": 100.0, "coordScales": [1.1382432603568304e-05, 1.2450935173546895e-05, 1.1270884897385258e-05, 1.4035026651981752e-05, 1.2290820450289175e-05, 1.137962954089744e-05, 1.2429379239620175e-05, 1.1413878382882103e-05, 1.1024938430637121e-05, 1.3613634109788109e-05, 1.0588323675619904e-05, 1.0825563549587969e-05, 1.3626364307128824e-05, 1.1264183740422595e-05, 1.1357163202774245e-05, 1.0198094059887808e-05, 1.1122870091639925e-05, 1.0619561180646997e-05, 1.0434489922772627e-05, 1.1769193406507839e-05, 9.901319572236389e-06, 9.942914402927272e-06, 9.653975212131627e-06, 1.0283760275342502e-05, 1.0538455171626993e-05, 1.0906444003921933e-05, 1.0336610102967825e-05, 1.089320176106412e-05, 1.0818767805176321e-05, 9.256124030798674e-06, 9.724948540679179e-06, 9.736459105624817e-06, 9.577802302374039e-06, 9.55857103690505e-06, 8.947905371314846e-06, 9.97085589915514e-06, 9.256555131287314e-06, 8.522116331732832e-06, 8.683171472512186e-06, 1.0123442734766286e-05, 8.907642040867358e-06, 8.559351044823416e-06, 8.159996468748432e-06, 8.383137355849613e-06, 8.650368727103341e-06, 8.659671948407777e-06, 9.064086953003425e-06, 8.524940312781837e-06, 7.978580470080487e-06, 8.239489034167491e-06, 9.127714292844757e-06, 8.009500561456662e-06, 8.288112439913675e-06, 8.436327334493399e-06, 7.922246368252672e-06, 8.505480764142703e-06, 8.428420187556185e-06, 7.726668627583422e-06, 8.768690349825192e-06, 7.535943495895481e-06, 9.140781003225129e-06, 7.131465281418059e-06, 7.762413588352501e-06, 7.923921657493338e-06, 7.767039278405719e-06, 7.458019354089629e-06, 9.009187124320306e-06, 7.224713499454083e-06, 8.46801049192436e-06, 7.70855876908172e-06, 8.540923772670794e-06, 7.346438906097319e-06, 7.582210400869371e-06, 7.733101483609062e-06, 8.597667147114407e-06, 6.598573691007914e-06, 6.8594063122873195e-06, 7.833862582629081e-06, 7.066420494084014e-06, 7.1861077231005765e-06, 7.957881280162837e-06, 6.677867077087285e-06, 7.067847946018446e-06, 7.17824514140375e-06, 6.953069714654703e-06, 6.710445177304791e-06, 6.969618425500812e-06, 7.406635177176213e-06, 6.92306366545381e-06, 6.26938071945915e-06, 6.5521899159648456e-06, 6.7281998781254515e-06, 6.552689228556119e-06, 6.905388090672204e-06, 6.818046131229494e-06, 6.3675529418105725e-06, 7.068384093145141e-06, 6.522576768475119e-06, 6.655714059888851e-06, 6.485042831627652e-06, 6.567271157109644e-06, 6.495432899100706e-06, 6.13200700172456e-06, 5.9237036111881025e-06, 6.224112439667806e-06, 6.220760042197071e-06, 6.272050995903555e-06, 6.330297765089199e-06, 6.373015366989421e-06, 6.271226993703749e-06, 6.4170826590270735e-06, 5.9711387621064205e-06, 5.766541562479688e-06, 6.029617452441016e-06, 6.3655907069914974e-06, 6.323816251097014e-06, 5.97577582084341e-06, 5.561918897001306e-06, 6.1905338952783495e-06, 5.774062628915999e-06, 6.045335794624407e-06, 6.0440916058723815e-06, 6.041927917976864e-06, 6.780877356504789e-06, 5.8145305956713855e-06, 6.327421033347491e-06, 5.9056678765045945e-06, 5.571278961724602e-06, 5.423768925538752e-06, 5.559008513955632e-06, 5.608837909676367e-06, 6.106712589826202e-06, 5.637743470288115e-06, 6.006508556311019e-06, 5.870021595910657e-06, 5.770493316958891e-06, 5.842950940859737e-06, 5.753296591137769e-06, 5.569548193307128e-06, 5.838453034812119e-06, 5.7432039284321945e-06, 4.97658902531839e-06, 5.466706625156803e-06, 5.604493708233349e-06, 5.3157882575760596e-06, 5.342297754395986e-06, 5.201763997320086e-06, 5.118709395901533e-06, 5.300001703290036e-06, 5.616757789539406e-06, 4.9253981160291005e-06, 5.672540282830596e-06, 4.9960999604081735e-06, 4.929906026518438e-06, 5.195564426685451e-06, 5.171359589439817e-06, 4.799473572347779e-06, 4.570657893054886e-06, 4.6100353756628465e-06, 5.243628038442694e-06, 5.79326933802804e-06, 5.090214017400285e-06, 4.999203156330623e-06, 4.684115538111655e-06, 5.460064585349755e-06, 5.427350060926983e-06, 5.392693765315926e-06, 4.58620888821315e-06, 4.585761871567229e-06, 5.059257091488689e-06, 4.517905381362652e-06, 4.9640693760011345e-06, 5.173917998035904e-06, 4.86398266730248e-06, 4.495528628467582e-06, 4.678894129028777e-06, 5.370526650949614e-06, 4.611330950865522e-06, 4.575888851832133e-06, 4.611682470567757e-06, 4.487712431000546e-06, 4.835227173316525e-06, 4.774135959451087e-06, 4.31191801908426e-06, 4.647062269214075e-06, 4.198394890408963e-06, 4.742605142382672e-06, 5.3136618589633144e-06, 4.499261649471009e-06, 4.4381431507645175e-06, 4.4696889744955115e-06, 4.498193902691128e-06], "explainedVariance3d": 0.046978181873049064, "explainedVariance50d": 0.7284163489869674}