{"dims": 1536, "pcaDims": 192, "count": 67095, "model": "text-embedding-3-small", "layout": "umap-3d", "cloudRadius": 100.0, "coordScales": [1.3174918422009796e-05, 1.2573548701766413e-05, 1.2211023204145022e-05, 1.5034255739010405e-05, 1.0960206964227837e-05, 1.1428190191509202e-05, 1.3631320143758785e-05, 1.2056068044330459e-05, 1.114167935156729e-05, 1.3006989320274442e-05, 1.0799502888403367e-05, 1.0174019735131878e-05, 1.1128957339678891e-05, 1.0936948456219397e-05, 1.0511226719245315e-05, 1.0694780030462425e-05, 1.205163607664872e-05, 1.018225430016173e-05, 1.0593875231279526e-05, 1.0793873116199393e-05, 9.891813533613458e-06, 9.884050086839125e-06, 1.0565429874986876e-05, 9.446885087527335e-06, 9.85873157333117e-06, 9.102320291276556e-06, 9.594295988790691e-06, 8.634412552055437e-06, 8.978761798061896e-06, 1.07940304587828e-05, 9.484934707870707e-06, 8.692863048054278e-06, 8.418057404924184e-06, 9.654737368691713e-06, 9.174251317745075e-06, 8.429324225289747e-06, 9.096111170947552e-06, 9.254786164092366e-06, 8.883636837708764e-06, 8.596835868956987e-06, 9.078838957066182e-06, 8.19875731394859e-06, 8.233336302509997e-06, 8.66687059897231e-06, 9.870338544715196e-06, 8.449575943814125e-06, 8.74289617058821e-06, 7.663633368792944e-06, 8.477773008053191e-06, 8.133170013024937e-06, 7.828138222976122e-06, 7.950245162646752e-06, 7.736854968243279e-06, 8.400855222134851e-06, 8.23136269900715e-06, 8.194845577236265e-06, 7.959799404488876e-06, 7.350680789386388e-06, 8.15497878647875e-06, 7.690598067711107e-06, 7.4134977694484405e-06, 7.3523406172171235e-06, 7.498517334170174e-06, 7.720519533904735e-06, 7.714609637332615e-06, 7.1481854320154525e-06, 7.497721071558772e-06, 7.616104085172992e-06, 7.828482921468094e-06, 6.695446700177854e-06, 7.542826097051147e-06, 7.288814231287688e-06, 7.191349595814245e-06, 7.404493317153538e-06, 7.675877895962913e-06, 7.190724318206776e-06, 7.530706625402672e-06, 6.610110631299904e-06, 6.816365385020617e-06, 7.352355623879703e-06, 6.846611540822778e-06, 6.793488864786923e-06, 6.753688467142638e-06, 7.641903721378185e-06, 7.337952411035076e-06, 6.800244136684341e-06, 7.078747330524493e-06, 7.1108520387497265e-06, 6.2773851823294535e-06, 6.521195246023126e-06, 6.232412033568835e-06, 6.296585979725933e-06, 7.141173227864783e-06, 6.763669716747245e-06, 7.384738182736328e-06, 6.678243153146468e-06, 6.105815828050254e-06, 5.625674475595588e-06, 6.791652594984043e-06, 5.622794560622424e-06, 6.4217610997729935e-06, 6.997802756814053e-06, 6.0042507357138675e-06, 5.966787739453139e-06, 6.093718184274621e-06, 6.088752343202941e-06, 6.052214757801266e-06, 5.722915375372395e-06, 5.730826615035767e-06, 5.64175797990174e-06, 5.651380888593849e-06, 5.959117515885737e-06, 6.357242455123924e-06, 5.890160537092015e-06, 6.272558493947145e-06, 6.727686468366301e-06, 6.68660595692927e-06, 5.79459310756647e-06, 6.325259164441377e-06, 5.636113201035187e-06, 6.008000127621926e-06, 5.930491624894785e-06, 5.747932846134063e-06, 5.9075860008306336e-06, 5.31989735463867e-06, 6.412094080587849e-06, 5.349249477148987e-06, 5.292168225423666e-06, 5.489878731168574e-06, 5.258506007521646e-06, 5.157337000127882e-06, 4.772796728502726e-06, 5.69763278690516e-06, 5.378954938350944e-06, 5.445033366413554e-06, 5.215646524447948e-06, 5.118264652992366e-06, 5.202075044508092e-06, 5.928326572757214e-06, 5.992349997541169e-06, 4.785830697073834e-06, 4.959364105161512e-06, 5.000046712666517e-06, 5.082195002614753e-06, 5.316480383044109e-06, 4.9135060180560686e-06, 5.374301508709323e-06, 4.759567673318088e-06, 5.048753337177914e-06, 5.153589881956577e-06, 5.008575953979744e-06, 5.1301740313647315e-06, 5.4944457588135265e-06, 5.644205430144211e-06, 4.739389623864554e-06, 5.102250270283548e-06, 5.14770727022551e-06, 5.044136287324363e-06, 4.9010259317583404e-06, 4.645385160984006e-06, 4.870440079685068e-06, 4.865421487920685e-06, 4.848110165767139e-06, 5.253332801657962e-06, 4.763702690979699e-06, 5.314124337019166e-06, 4.731194621854229e-06, 4.324461315263761e-06, 4.4590906327357516e-06, 4.785409146279562e-06, 4.583524969348218e-06, 4.533836545306258e-06, 4.343773071013857e-06, 5.50776485397364e-06, 4.533594164968235e-06, 4.406870175444055e-06, 4.5710153244726826e-06, 5.3985540944267996e-06, 4.522584731603274e-06, 4.138807980780257e-06, 4.205346613161964e-06, 4.390613867144566e-06, 4.366344455775106e-06, 4.5742481233901344e-06, 4.891481694357935e-06, 4.4508801693154965e-06, 4.225795692036627e-06, 4.480418738239678e-06, 4.210862243780866e-06, 3.992779056716245e-06, 4.564433311315952e-06, 3.8514199331984855e-06], "explainedVariance3d": 0.05714135733652714, "explainedVariance50d": 0.7608862983034376}